"idx","clip","model","conf","you","agree","your_call","pipeline","source","gap_s","reason","text","sid"
"51","051.wav","complete","0.90","incomplete","NO","","incomplete","hold_intra","0.256","Ends on a finite verb.","tour போயிருக்கோம். அஹ் may","ta_IN_10219354_20230117_L_01614976"
"83","083.wav","incomplete","0.85","complete","NO","","complete","change","0.800","Ends with trailing rhetorical clitic '-o'.","இன்னும் மழ வந்து இதுவுமே எத்தினி நாளைக்கு இப்டி உயிரை வாங்க போகுதோ","ta_IN_10255843_20230117_L_00336288"
"88","088.wav","complete","0.95","incomplete","NO","","incomplete","hold_intra","1.376","Repeated acknowledgment indicates turn completion.","hello sir","ta_IN_10102687_20230112_R_00557056"
"90","090.wav","complete","0.95","incomplete","NO","","complete","change","0.672","Ends with a finished nominal statement.","ஐயோ mam தயவு செஞ்சு எனக்கு cancel பண்ணி விடுங்களேன் எனக்கு இன்னைக்கு வந்து cancel பண்ணனும் எனக்கு. புரிதா எனக்கு வந்து நாளைக்கு நான் அடுத்த train போட்டாச்சு எனக்கு வந்து amount வந்து block ஆயிட்டே கெடக்குது. இத நான் வந்து first class ல வரைக்கும் போட்ருக்கேன் train லயே. எனக்கு வந்து okay யா? இப்போ எனக்கு வந்து amount வந்து எனக்கு refund ஆகவும் இல்ல எதுவுமே ஆகல cancellation னே என்னால பண்ண முடிய மாட்டேங்குது. இது வந்து ~ ஆமா. எனக்கு ஆமாம் எனக்கு வந்து பணம் அவ்வளவு போயிடிச்சுனா நான் வந்து கிட்டத்தட்ட ஆறாயிரத்தி. சொச்சம். ஆஹான் எனக்கு தெரியல சரியா. நான் ரொம்ப பணம் குடுத்து வாங்கியிருக்கேன் நானென் இவளவு குடுத்து போறது வந்து எனக்கு வந்து இதா இருக்கு. cancel பண்ணியும் amount எனக்கு எதுவும் அகல cancel ஏ ஆகல first. அதுதான் எனக்கு ஒரு .","ta_IN_10102473_20230331_R_00144352"
"102","102.wav","complete","0.95","incomplete","NO","","incomplete","hold_intra","0.416","Ends with terminal finite verb pannala.","நீங்க correct ஆ அந்த amount எடுத்து வீடுதா கட்டறீங்க வேற எந்த use ம் பண்ணல அப்படீனு","ta_IN_10103114_20230328_L_00173504"
"106","106.wav","complete","0.95","incomplete","NO","","incomplete","hold_intra","0.864","Ends with a terminal finite verb.","ஆகி விழும். அதுவே குளிக்கிறதுக்கு அழகா இருக்கும். அது என்ன சொல்றது இது எல்லாமே மேற்கு தொடர்ச்சி மழையில அமைந்து இருக்கும். இதோட surrounding ல வந்து இதோட அருவியும் அம்மாஞ்சி","ta_IN_9829608_20230404_L_00882112"
"109","109.wav","incomplete","1.00","complete","NO","","complete","change","1.184","Ends with dangling connector 'apram'.","doubt எல்லாம் வரும் எப்படி என்ன பண்றதுன்னு தெரில அப்படின்னுட்டு அதுக்கு அப்புறம் பொறுமையா பண்ணிட்டு இருப்பேன்.","ta_IN_9829545_20230112_R_00900384"
"121","121.wav","incomplete","0.90","complete","NO","","complete","change","0.192","Trailing silence with no clear terminal verb.","என்ன போ, இதுக்குன்னு இப்படியா டா கார்த்தி?","ta_IN_10255843_20230117_R_00723136"
"124","124.wav","incomplete","0.90","complete","NO","","incomplete","hold_intra","0.224","Ends with trailing filler 'mm' indicating hesitation.","pack five thousand கட்டிருக்கோம்","ta_IN_10103171_20230117_R_00047200"
"130","130.wav","incomplete","0.90","complete","NO","","incomplete","hold_intra","1.536","Ends with trailing filler and dependent marker.","ஆமா இங்க ஒரு பையன் இருக்காப்புல காலைல பண்ணது மத்தியானத்துக்கு கிடைக்காது. அதாது ஒருவேல நம்ம சாப்டோம்னா அது அது ரெண்டு நாள் பன்னோமணா நேத்து தான இது பண்ண இனிக்கும் இதே பண்ற அப்படிங்குறாப்புல ஹ்ம் அப்படி","ta_IN_10264611_20230117_L_01555936"
"131","131.wav","incomplete","0.85","complete","NO","","incomplete","hold_intra","0.352","Ends with trailing open-ended statement","bank க்கு போன நெறய விசயம் தெரிஞ்சுக்கலா என்ன என்ன system maximum தெரிஞ்சுக்கலான் ஆளுங்க எப்டினு தெரிஞ்சுக்கலான் நெறய இருக்குது bank","ta_IN_10264659_20230328_L_00749344"
"155","155.wav","incomplete","0.90","complete","NO","","complete","change","1.120","Ends with dangling quotative participle 'apdinu'.","ஒட்டுனீங்க. okay அதனாலதான் இப்போ apache bike, ஆ apache பத்தி சொல்லுங்க அப்படினேன்,","ta_IN_9829706_20230404_L_00250304"
"1","001.wav","complete","0.90","complete","yes","","incomplete","hold_intra","0.256","Ends with terminal finite verb irukkum.","எல்லாமே clear ஆயிட்டேன் first semester லயே, அப்ப எனக்கு எப்படி இருக்கும் enjoy பண்ணணும் அப்படின்னு தோணும். இப்ப fail ஆயிட்டே இருந்தேன்னு வையேன் அது வந்து கொஞ்சம் அஹ் நமக்கு தோணாது என்னடா இது நம்ம arrear உம் போட்டுட்டு இருக்கோம் enjoy யும் பண்ண மாட்டோம் அப்படின்னு ஒரு இதா இருக்கும். உம் நம்ம","ta_IN_9829502_20230117_R_01449280"
"2","002.wav","complete","0.95","complete","yes","","incomplete","hold_intra","0.480","Ends with complete tag question and laughter.","ஆகும். நம்மது சின்ன முகம்தானே.","ta_IN_9829706_20230404_R_00552288"
"3","003.wav","complete","0.95","complete","yes","","complete","change","0.032","Ends with terminal finite verb irukkum.","full day இருக்கும் இதே தான் full ஆ நீங்க வந்தீங்கன்னு சொன்னா telecalling work கே பாக்குற மாதிரிதான் இருக்கும்","ta_IN_10255833_20230117_R_00722432"
"4","004.wav","complete","0.95","complete","yes","","incomplete","hold_intra","0.416","Ends with a complete reportative statement.","அவங்க பாசமா பேசி நான் குழந் நான் கேட்ப்பேன் அக்கா எப்பிடிக்கா வேல எல்லான் எப்பிடிக்கா போய்ட்டுருக்கு அப்டி சொல்லிட்டு கேட்கும் போது ஆன் ரொம்ப கஷ்டமா இருக்கில்ல? போன மாசம் நாடு ரெண்டு மாசம் அந்த பிள்ளைக்கு பிறந்தனாளு அந்த பிள்ள எறந்து போச்சு அப்டீன்றாங்க எதனாலனு கேட்டா சின்ன கொழந்தைக்கு blood cancer -ஆம் இதெல்லாம்","ta_IN_10255807_20230331_L_01119968"
"5","005.wav","complete","0.95","complete","yes","","complete","change","0.160","Ends with a direct question.","thirteen K வருதா?","ta_IN_9829744_20230117_L_00113216"
"6","006.wav","complete","1.00","complete","yes","","complete","change","0.384","Ends with a direct question tag '-aa'","Hello திருச்சி விமான சேவை நிலையமா","ta_IN_10102663_20230123_R_00010368"
"7","007.wav","complete","0.95","complete","yes","","complete","change","0.064","Ends with terminal finite verb.","ராமசாமின்னு ஆஹ் நாகர்கோவில்ல ஒரு வழக்கறிஞர் வந்து சொல்றாப்டி இந்த சிதம்பரம் பிள்ளை அப்படிங்கிறவர் அங்க சொல்றப்புடி அதுல இருந்துதான், அவரு ஈவெராமசாமின்னு கூப்~ கூப்பிடறது","ta_IN_10219356_20230123_R_01402272"
"8","008.wav","incomplete","0.98","incomplete","yes","","incomplete","hold_intra","0.352","Ends with dangling connector and filler word.","அப்டிலாம் ஒன்னும் இல்ல so என் daughter க்கு வந்து window","ta_IN_10102571_20230331_R_00148800"
"9","009.wav","complete","0.98","complete","yes","","complete","change","0.416","Ends with terminal finite verb potturunga.","ஆஹ் okay madam அது ஒரு கிலோ போற்றுங்க","ta_IN_9829759_20230117_R_00289920"
"10","010.wav","complete","0.95","complete","yes","","complete","change","1.216","Ends with a question tag 'okay-va'","அப்படியென்றால் நீங்கள் Online ல பண்ணுகிறீர்களா நாம் இன்னைக்கு போய் பார்ப்போம் நன்றாக இருந்தது எஎன்றால் எடுத்துக்கொள்ளலாம் இல்லையென்றால் நாம் Online ல யே எடுத்துக்கொள்ளலாம் Ok வா","ta_IN_9829387_20230117_R_00213696"
"11","011.wav","complete","0.95","complete","yes","","complete","change","0.768","Ends with a direct question tag.","recharge பண்ணுங்க வந்து இருக்கு mam அப்போ நீங்க recharge பண்ணியிருக்கிங்களா","ta_IN_9829627_20230123_R_00141536"
"12","012.wav","complete","0.95","complete","yes","","complete","change","0.416","Ends with a complete nominal predicate statement.","அய்யோ Fan எல்லா இதுலையும் fan இருக்குங்க fan வந்து mandatory ல fan இருக்கு single single room ல மட்டும் தான் AC","ta_IN_9829744_20230117_R_00414432"
"13","013.wav","complete","0.95","complete","yes","","incomplete","hold_intra","0.256","Ends with terminal finite verb irukkum.","இருக்கும் நீங்க வேணா பாத்திங்கண்ணா sleep பண்ணிட்டு போற மாதிரி இருக்கும் எந்த disturbance ம் இல்லாம இருக்கும்","ta_IN_10103101_20230331_L_00404288"
"14","014.wav","complete","0.95","complete","yes","","complete","change","0.224","Ends with polite request 'sollunga madam'","ஆஹ் okay madam இந்த twenty three க்குள்ள சொல்றீங்களா madam twenty three thousand க்குள்ள சொல்லுங்களேன். அதான் twenty-five இருந்தாக்கூட okay madam twenty five இருந்தாக்கூட எனக்கு okay தான். twenty அந்த range ல எடுத்தா தான் நல்லா இருக்கும் அப்படின்னு சொல்றான். ஒரு அஞ்சு ஆறு வருஷம் use பண்ற மாதிரி அப்படின்னு சொல்லிட்டு ஒரு twenty five குள்ள சொல்லுங்க madam","ta_IN_10102929_20230117_R_00147872"
"15","015.wav","complete","0.95","complete","yes","","incomplete","hold_intra","0.224","Ends with terminal finite verb.","sir நா சொன்ன மாறியே நீங்க பண்ணுங்க sir old card block பண்ணிட்டு new card அ","ta_IN_10102927_20230328_L_00234208"
"16","016.wav","complete","0.95","complete","yes","","complete","change","1.216","Ends with a direct question 'mudiyuma'.","ஆனா இது கண்டிப்பா மாத்தி குடுப்பேங்கன்ன அந்த உறுதி அளிக்கணும் அதுதான் எனக்கு ரொம்ப முக்கியம் கண்டிப்பா ஒங்களால உறுதியா ஒங்களால சொல்ல முடியும்மா இந்த seat வந்து கண்டிப்பா ஒங்களுக்கு வந்து குத்துருவேன் sir அப்டின்னு சொல்லிட்டு அந்த உறுத்திய ஒங்களால குடுக்க முடியும்மா","ta_IN_10102663_20230123_R_00348480"
"17","017.wav","complete","0.95","complete","yes","","complete","change","0.480","Ends on a terminal finite verb.","பண்றீங்க அவன் வந்து கத்திட்டு இருக்கான்.","ta_IN_10102694_20230117_R_00510944"
"18","018.wav","incomplete","0.95","incomplete","yes","","incomplete","hold_intra","0.256","Ends on verbal participle 'paathu'","நல்ல cooling இருக்க place பாத்து","ta_IN_9829446_20230331_R_01440288"
"19","019.wav","complete","1.00","complete","yes","","complete","change","1.376","Ends with a direct question expecting an answer.","சரி okay mam வேற எந்த details ஆஹ் வேணுமா? mam","ta_IN_9829836_20230331_R_00805792"
"20","020.wav","complete","0.95","complete","yes","","incomplete","hold_intra","0.288","Ends on terminal finite verb 'theriyudhu'.","க்காக தானஅது உண்மை தான் போகணும் ஆனா","ta_IN_9829446_20230331_L_01629792"
"21","021.wav","complete","0.95","complete","yes","","complete","change","0.224","Ends with terminal finite verb and polite address","ஆ, இப்ப, first கன்னியாகுமரியில, என்ன special ன்னு, பாத்தீங்கன்னா, ஆ, விவேகானந்தர் மண்டபம் இருக்கு first பக்கத்துல, அது பக்கத்துல திருவள்ளுவர் சிலை இருக்கு. but இது நம்ம boat ல போற மாதிரி இருக்கும். one to five க்குள்ள, நம்ம அங்க reach ஆயிடலாம் sir","ta_IN_10102450_20230112_L_00326464"
"22","022.wav","complete","0.95","complete","yes","","complete","change","0.224","Ends with a direct question expecting an answer.","okay mam available லா இருக்கு mam திருச்சியில available லா இருக்கு. நீங்க நா கேட்கிற question என்னா நீங்கா எப்போ போகணும் இப்போ இன்னைக்கு night friday வந்து பார்த்தீங்கன்னா இன்னைக்கு இல்ல tomorrow இல்லனா tomorrow after ஆ அந்த மாதிரியா mam","ta_IN_10103101_20230331_L_00062368"
"23","023.wav","complete","0.90","complete","yes","","complete","change","0.480","Ends with a complete question tag.","உம் சாப்பிடதான","ta_IN_10246900_20230328_L_00080032"
"24","024.wav","complete","0.95","complete","yes","","incomplete","hold_intra","0.256","Ends with terminal finite verb.","இருக்கும் okay ங்களா. உங்க வீட்ல எத்தன பேர் ஒருத்தர்க்கு நீங்க insurance","ta_IN_10102781_20230331_L_00504096"
"25","025.wav","incomplete","0.95","incomplete","yes","","incomplete","hold_intra","0.256","Ends with dependent connector 'appram' (after).","மறுபடியும் phone பண்ணா phone not reachable அஹ் switch off அந்த மாதிரி வந்துகிட்டே அந்த one day full ஆ போச்சு மறுபடியும் கூப்பிடுறாங்க phone எடுக்க மாட்டேங்கறாங்க ஏதாவது ஒரு reason சொல்றாங்க இந்த இடத்துல வந்துருச்சு driver ஏதாவது ஒரு reason சொல்லிட்டே இருந்திருக்காங்க அப்புறம் மூணாவது நாள் packers complaint பண்ணி அப்படி இப்படின்னு பேசினதுக்கு அப்புறம்","ta_IN_9829467_20230117_L_01000128"
"26","026.wav","incomplete","0.95","incomplete","yes","","incomplete","hold_intra","1.952","Ends on dangling quotative participle appadinnu.","அழுக்காயிரும் officer","ta_IN_10264720_20230331_R_01401056"
"27","027.wav","complete","0.90","complete","yes","","incomplete","hold_intra","0.480","Ends with a complete question.","நீங்க கேள்வி பட்டு இருப்பிங்க. இருட்டு கடை அல்வான்னு ரொம்ப ரொம்ப famous first of all அந்த கடை ஆரம்பிக்கும் பொழுது ஒரே பாரு கடை தானா இருக்குமா அந்த light வந்து evening time ஆனா சோலா குல்லையே அந்த கடைல வித்துருமா? அல்வா எல்லாமே","ta_IN_9829608_20230404_L_00222848"
"28","028.wav","incomplete","0.90","incomplete","yes","","incomplete","hold_intra","0.928","Ends with dangling connector 'illa' indicating continuation.","okay okay sister அப்பறம் வேற BSNL வந்து three G வரைக்கு தான் இருக்கு. four G இன்னும் வரல.","ta_IN_9829575_20230331_R_00885664"
"29","029.wav","complete","0.95","complete","yes","","incomplete","hold_intra","0.256","Ends with a terminal finite verb.","okay நா december வென christmas time ல போன நல்ல இருக்கும் அப்படி நா december போயிருந்தேன். december","ta_IN_9829853_20230331_L_00122752"
"30","030.wav","incomplete","0.95","incomplete","yes","","incomplete","hold_intra","0.576","Ends on dangling noun 'payment' mid-thought.","வீட்டு number னாலதான், payment அ, அதான் சொல்லுங்க","ta_IN_10102885_20230404_R_00222368"
"31","031.wav","complete","1.00","complete","yes","","complete","change","1.184","Ends with a direct question tag 'solriyaa'.","social insurance அம்மா, இப்பதாம்மா, நீ, correct ஆன point கேட்கிற. social ன்னா என்ன first நீ உனக்கு தெரிஞ்சதை சொல்றியா?","ta_IN_9829468_20230404_L_00606752"
"32","032.wav","incomplete","0.95","incomplete","yes","","incomplete","hold_intra","0.224","Ends on an incomplete conditional explanation","நூறு ரூபா போடிங்கனா பத்து ரூபா ஆயிரருபா","ta_IN_10103136_20230123_L_00635392"
"33","033.wav","complete","0.95","complete","yes","","complete","change","0.064","Ends with terminal finite verb irukkum.","கண்டிப்பா ஆமா, அங்க வந்து, குரங்கு, இதெல்லாம் நிறைய பாக்கலாம், நம்ம. ஆ, அங்க வந்து, திருப்பரப்பு falls குத்தாலம் அருவி இரண்டுமே இருக்கு. நம்ம இரண்டு இடமுமே நமக்கு cover ஆகற மாதிரிதான் இருக்கும்.","ta_IN_10102450_20230112_L_00442400"
"34","034.wav","complete","0.95","complete","yes","","complete","change","0.672","Ends with a direct question expecting response.","பரவாயில்லல எத்தன மணிக்கு போனுமா காலைல","ta_IN_10264659_20230328_R_00171424"
"35","035.wav","complete","0.95","complete","yes","","complete","change","1.216","Ends with a complete direct question.","ma'am அது எப்படி ma'am நீங்க amount ஏறலைனு சொல்ல முடியும்.","ta_IN_10103148_20230112_R_00112960"
"36","036.wav","complete","0.98","complete","yes","","complete","change","0.192","Ends with a direct question expecting response.","போடணும கொஞ்சம் explain பண்றிங்களா","ta_IN_9829400_20230328_L_00024384"
"37","037.wav","complete","0.95","complete","yes","","complete","change","1.056","Ends with a polite terminal closer.","அழைச்சதுக்கு ரொம்ப நன்றி mam","ta_IN_10264671_20230404_L_00675776"
"38","038.wav","complete","0.95","complete","yes","","incomplete","hold_intra","0.480","Ends with a complete colloquial statement.","இரவு தூங்க மாட்டேன் ஏனா வந்து New year வேற celebration இங்க வேற friends கூட்டிட்டு போயிருவானுங்க என்னைய","ta_IN_10246900_20230328_L_00505824"
"39","039.wav","complete","0.95","complete","yes","","complete","change","0.512","Ends with a direct question 'mudiyumaa'","ல எதோ Automatic ஆ ஏதாவது அமுக்கிருக்கும். அதுக்கெல்லாம் நான் பொறுப்பாக முடியுமா?","ta_IN_10102694_20230117_R_00154560"
"40","040.wav","incomplete","1.00","incomplete","yes","","incomplete","hold_intra","0.544","Ends on dependent genitive suffix -oda.","actual ஆ அஹ் உங்க செட்டிநாடு மெஸ் ஓட அஹ் non veg","ta_IN_10102878_20230117_R_00136288"
"41","041.wav","complete","0.95","complete","yes","","complete","change","1.056","Ends with a complete suggestion tag.","பேசாம இல்லாட்டி Royal Enfield எடுக்கலாம்ல?","ta_IN_9829706_20230404_R_00106176"
"42","042.wav","complete","0.95","complete","yes","","incomplete","hold_intra","0.320","Ends on terminal finite verb sonna.","உம் பரவால்ல எனக்குமே தேவையான details நிறையவே நீ சொன்ன ஆஹ் நீ","ta_IN_9829467_20230117_R_01709184"
"43","043.wav","complete","0.95","complete","yes","","complete","change","1.248","Ends with a direct question tag.","வந்த மருத்துவர்னு நிரூபிக்கிறாரா.","ta_IN_10255855_20230117_R_00449600"
"44","044.wav","complete","0.95","complete","yes","","incomplete","hold_intra","1.664","Ends with question tag expecting confirmation","நம்ம உடம்புக்கு ஏதாவது ஒன்னு இருக்கு அப்படின்னா medical insurance கொடுக்க மாட்டாங்க சரிங்களா.","ta_IN_10264671_20230404_L_00153088"
"45","045.wav","complete","0.95","complete","yes","","complete","change","0.768","Ends with terminal finite verb 'கேட்டேன்'.","மழயில மழ வந்துனு இருக்கே ஊருக்கு வரியான்னு கேட்டன்","ta_IN_10255843_20230117_L_01162656"
"46","046.wav","complete","0.95","complete","yes","","complete","change","0.288","Ends with a terminal finite verb.","இல்லை madam, எதான் எனக்கு வந்து, ரெண்டு பல்லு எடுத்துட்டுதான் வந்து, அந்த braces போட்டாங்க.","ta_IN_10102714_20230112_R_00253216"
"47","047.wav","incomplete","0.95","incomplete","yes","","incomplete","hold_intra","0.704","Open-ended list lacking wrap-up verb.","கிலோ உள்ளுந்தபருப்பு ஒரு கிலோ","ta_IN_9829759_20230117_R_00676384"
"48","048.wav","complete","0.95","complete","yes","","complete","change","0.640","Ends with terminal imperative verb sollu.","ஓ, அப்படி என்னதான் பண்ண? கொஞ்சம் மெதுவா சொல்லு","ta_IN_9829502_20230117_L_00144000"
"49","049.wav","complete","0.98","complete","yes","","complete","change","1.472","Ends with a direct question tag.","ஆஹ் வேற office work எல்லாம் எப்படி போய்கிட்டு இருக்கு. நா இன்னைக்கு இல்லாம ரொம்ப jolly ஆஹ் இருந்துருப்பீங்க நினைக்கிறேன்","ta_IN_9829608_20230404_L_01743072"
"50","050.wav","complete","0.95","complete","yes","","incomplete","hold_intra","0.352","Ends on terminal finite verb 'anupuren'.","okay madam ஒரு நிமிஷம்","ta_IN_10103148_20230112_R_00153760"
"52","052.wav","complete","0.95","complete","yes","","complete","change","0.256","Ends with a complete statement and falling pitch.","சேரி சேரி wait பண்ணுங்க கண்டிப்பா கிடைக்கும் நமக்காகவே.","ta_IN_10264642_20230117_R_00137888"
"53","053.wav","complete","0.95","complete","yes","","complete","change","0.096","Ends with a polite terminal finite verb.","okay mam. okay mam. அதுலையே குடுத்துருங்க madam.","ta_IN_10102929_20230117_R_00638784"
"54","054.wav","complete","0.95","complete","yes","","incomplete","hold_intra","0.384","Ends with terminal finite verb refer panren","இல்ல கதிர் எனக்கு details சரியா தெரியல உம் நான் கேட்கிறேன் கேட்டுட்டு உனக்கு refer பண்ற","ta_IN_9829467_20230117_L_01314016"
"55","055.wav","complete","0.95","complete","yes","","incomplete","hold_intra","1.632","Ends with a complete nominal predicate statement.","ஆ. extra five thousand போட்றதுல உங்களுக்கு ஒன்னும் problem இல்லையே. quality தானே","ta_IN_10102828_20230328_L_00697600"
"56","056.wav","complete","0.95","complete","yes","","complete","change","0.480","Ends with a direct question.","மாங்காடு medical college okay ங்க இப்ப உங்களுக்கு எப்படி full ஆஹ் எல்லாருமே female ஆஹ் இல்ல male ஆஹ்?","ta_IN_9829744_20230117_R_00054560"
"57","057.wav","incomplete","1.00","incomplete","yes","","incomplete","hold_intra","0.960","Ends on filler 'vandhu' indicating incomplete thought.","ஹம்","ta_IN_9829881_20230404_R_00871520"
"58","058.wav","complete","0.95","complete","yes","","incomplete","hold_intra","0.288","Ends with terminal finite verb sollala.","ஆஹ் அதுவும் நல்லது தான் என் friend உமே அங்க work பண்ற இடத்துல என்னனா அந்த invoice ஓட தான் அலைவான் ஏன்னா கூட போய் இருக்கேன் but எனக்கு further ஆ இத பத்தி details தெரியல அவன் என்ன இந்த","ta_IN_9829467_20230117_R_01506656"
"59","059.wav","complete","0.95","complete","yes","","complete","change","0.896","Ends with a direct question tag.","எத்தன பேர் கூட வேல பாக்குறாங்க ஒரு முப்பது பேர் பாப்பாங்களா","ta_IN_10264659_20230328_R_01062880"
"60","060.wav","incomplete","1.00","incomplete","yes","","incomplete","hold_intra","0.448","Ends with concessive suffix -aalum.","நானும் ஆஹ் உன்னட்டயும் அதான் எதுவுமே சொல்லல இங்க எல்லான் உனக்கு எல்லாமே தெரியும் உனக்கு வந்து பக்கத்துல தான் இருந்தாலும் நாம்ம எல்லாமே தெரிஞ்சுகிட்டு","ta_IN_10264659_20230328_L_00507904"
"61","061.wav","complete","0.90","complete","yes","","incomplete","hold_intra","0.320","Ends with finite verb 'irukkum' completing thought.","காரையார் dam னு சொல்லிட்டு இருக்கும்.","ta_IN_9829608_20230404_L_00635488"
"62","062.wav","incomplete","0.95","incomplete","yes","","incomplete","hold_intra","0.256","Ends with verbal participle indicating continuation.","அன்னைக்கு வந்து உங்க Office ல வந்து","ta_IN_9829400_20230328_L_00776864"
"63","063.wav","complete","0.95","complete","yes","","incomplete","hold_intra","1.440","Ends with question tag 'illaiya'.","இருக்குலயா நல்லா விஷயங்கள் நெறையா இருக்கு முதலெல்லாம் வந்து நம்ம போகபோகதான பக்குவம் ஆகுறோம். அப்போவே நம்ம எல்லாமே ஆகாது இல்லையா,","ta_IN_10264611_20230117_L_01409312"
"64","064.wav","incomplete","1.00","incomplete","yes","","incomplete","hold_intra","1.504","Ends with dangling connector 'adhey pola ippa'","ஆஹ் அதே","ta_IN_10255852_20230117_R_00946720"
"65","065.wav","complete","0.95","complete","yes","","incomplete","hold_intra","1.152","Ends with terminal finite verb 'varalaam sir'.","sir அந்த மாதிரி, எந்த issue ம் இருக்காதுங்க sir நீங்க கவலையே பட வேணாம். நீங்க தாராளமா வரலாம் sir உங்களுக்கு எந்த","ta_IN_10102687_20230112_L_00576736"
"66","066.wav","incomplete","0.95","incomplete","yes","","incomplete","hold_intra","0.928","Ends on incomplete conditional verb","ஆஹ் உங்க இஷ்டம் mam one crore வரைக்கும்","ta_IN_10264671_20230404_L_00432416"
"67","067.wav","complete","0.95","complete","yes","","incomplete","hold_intra","0.256","Ends with terminal finite predicate.","ஆமா mam ஆமா mam நெறையாவே அந்த கடைய பத்தி கேள்வி பட்டு இருக்கேன். அது மட்டும் இல்லாம இன்னும் என்ன என்ன special இருக்கு அந்த நெல்லையப்பர் கோவில் கேள்வி பட்டு இருக்கேன். இன்னும் போனது இல்லை.","ta_IN_9829608_20230404_R_00263872"
"68","068.wav","complete","0.95","complete","yes","","incomplete","hold_intra","0.384","Ends with the question tag 'theriyumaa'.","அந்த இப்ப சில cinema படத்துல இந்த கதை மாதிரி நல்ல கதைகள் உள்ள படங்கள் இருக்கும் தெரியுமா","ta_IN_9829502_20230117_R_01309536"
"69","069.wav","complete","0.95","complete","yes","","complete","change","0.032","Ends with a terminal finite verb","அவங்கள ஒம்போது தூங்க வச்சுருவேன் எப்படியாச்சும் தூங்க வச்சுருவேன்.","ta_IN_10264611_20230117_R_01659296"
"70","070.wav","complete","0.95","complete","yes","","complete","change","1.248","Ends with terminal finite verb pannidraanga.","அப்பதான் பார்த்தீங்கன்னா, திமுக அப்படின்னு, தனிக்கட்சியைப் போட்டு, open பண்ணிடுறாங்க.","ta_IN_10219356_20230123_R_00627872"
"71","071.wav","complete","1.00","complete","yes","","complete","change","0.256","Ends with a direct question.","ஆஹ் சென்னைல எந்த ஏரியா னு தெரிஞ்சிகலம்மா?","ta_IN_9829744_20230117_R_00036608"
"72","072.wav","complete","0.95","complete","yes","","complete","change","0.224","Ends with terminal finite verb 'mudiyadhu'.","ங்களா இந்த one month க்கு அந்த மாதிரி வேண்டாம் sir போட்டா ஒரு six month இல்லை one year அந்த மாதிரி போடறமாதிரி ஏதும் plan இருக்கா? ஏன்னா monthly monthly என்னால பண்ணீட்டு இருக்க முடியாது","ta_IN_10102707_20230112_L_00426272"
"73","073.wav","incomplete","0.90","incomplete","yes","","incomplete","hold_intra","0.224","Dangling time phrase setting context.","sir ஏ morning ங்கு nine fifteen flight டே","ta_IN_10102687_20230112_R_00079296"
"74","074.wav","incomplete","1.00","incomplete","yes","","incomplete","hold_intra","0.768","Speaker self-corrects mid-speech with a repair.","இல்ல மாம் உங்களுக்கு fifty percentage எடுத்திருவாங்க mam. approximateஅ அப்பறோம் என்ன பண்ணுவாங்க. sorry thirty இல்ல, sorry mam thirty இல்ல.","ta_IN_10102473_20230331_L_00651968"
"75","075.wav","complete","0.95","complete","yes","","complete","change","0.224","Ends with a direct question.","daily யும் கேட்கணுமா எப்படி டி?","ta_IN_9829502_20230117_R_00673664"
"76","076.wav","complete","0.98","complete","yes","","complete","change","0.576","Ends with a direct question expecting an answer.","அங்க~அங்க office ல எப்படி எல்லாருமே okay வா? உங்களுக்கு comfortable ஆ இருக்கா?","ta_IN_10255833_20230117_L_00164832"
"77","077.wav","complete","0.95","complete","yes","","incomplete","hold_intra","0.928","Ends with a terminal finite verb.","cell ஏ காணொம் அந்த பறந்து போயிக்கிது","ta_IN_10264720_20230331_R_01312096"
"78","078.wav","complete","0.95","complete","yes","","complete","change","0.320","Ends with a direct question.","எப்ப பார்த்த நீ அவங்கல","ta_IN_10264659_20230328_L_00446624"
"79","079.wav","complete","1.00","complete","yes","","complete","change","0.320","Ends with a direct question.","okay mam okay mam. இல்ல நீங்க work பண்ணிக்கிட்டிருக்கீங்களா இல்ல வீட்லதா இருக்கீங்களா?","ta_IN_10103114_20230328_L_00087232"
"80","080.wav","incomplete","1.00","incomplete","yes","","complete","change","0.288","Ends on dictation pre-announcement visa number","okay நான் number சொல்றேன் sir visa number","ta_IN_10102687_20230112_R_00160672"
"81","081.wav","complete","0.95","complete","yes","","complete","change","0.224","Ends with a complete conversational acknowledgement.","ஓ, சரி, சரி, சரி. உம்","ta_IN_10255808_20230117_R_01043200"
"82","082.wav","complete","0.95","complete","yes","","complete","change","0.416","Ends with terminal finite predicate undu.","என் என் department ல இவ்வளவு பேர் உண்டு, நாலு பேர் உண்டு","ta_IN_9829502_20230117_L_00412192"
"84","084.wav","incomplete","1.00","incomplete","yes","","incomplete","hold_intra","0.320","Ends on incomplete pronoun 'naan'.","mam. எல்லா details ம் சொல்லுங்க. நான் நீங்க சொல்லறதை வச்சு நான் பன்றேன்","ta_IN_10102739_20230329_R_00141600"
"85","085.wav","incomplete","1.00","incomplete","yes","","incomplete","hold_intra","0.288","Ends with dependent suffix indicating continuation.","Money இது வந்து நீங்க Pay பண்ற மாதிரி இருக்கும் அதுதான் அதுதான் என்ன","ta_IN_9829400_20230328_R_00114208"
"86","086.wav","complete","0.95","complete","yes","","incomplete","hold_intra","0.384","Ends with a question tag expecting response.","அது உண்மை தான் சரி நம்ம போவோம் நான் உனக்கு வீட்டுல கேட்டுட்டு call பண்ணுறேன் நம்ம அப்பிடி","ta_IN_9829446_20230331_L_01732416"
"87","087.wav","incomplete","1.00","incomplete","yes","","incomplete","hold_intra","1.248","Ends with conditional suffix -na (kondu vandheengana)","sir. ம்ம். உங்களோட aadharPAN எது இருந்தாலும் okay sir. உங்களுட proof வேணும். அப்பறோம். உங்களுடைய photo copies ரெண்டு. உங்களோட proof xerox யும் ஓரு copy கொண்டு","ta_IN_10103083_20230331_L_00197984"
"89","089.wav","complete","0.98","complete","yes","","complete","change","0.448","Standalone affirmation 'Aamaa sir' is complete.","ஆமா sir ஆமா sir","ta_IN_10102571_20230331_L_00320416"
"91","091.wav","complete","0.95","complete","yes","","complete","change","0.832","Ends with a direct question expecting response.","sorry sir உங்க voice வந்து கேக்கல கொஞ்சம் sound ஆ பேசறீங்களா?","ta_IN_10102781_20230331_L_00382592"
"92","092.wav","incomplete","1.00","incomplete","yes","","incomplete","hold_intra","0.672","Ends on dangling connector 'vandhu'","கட்டலாம் Okay ஆஹ் அதுக்கு அடுத்து இன்னொரு benefit என்னவென்றால் நீங்கள் வந்து இப்பொழுது எங்களுடைய Policy Plan சேர்ந்து ஓர் இரண்டு மாதம் தான் ஆகிறது அதற்குள் உங்களுக்கு வந்து எதாவது Health Issue ஆகிறது உங்களுக்கு அதுக்கு காசு தேவைப்படுகிறது உங்களுடைய Medical இதுக்கு உங்களுக்கு காசு தேவைப்படுகிறது அதுக்கு நீங்கள் வந்து காசு தேடி அலைய","ta_IN_9829374_20230404_L_00419168"
"93","093.wav","complete","0.95","complete","yes","","complete","change","0.384","Ends with a complete statement about the situation.","அஹ் மூணு நாலு ஏரி இருந்ச்சுல அந்த நாலு ஏரி ல நம்ம விளையாடிட்டு இருந்தோம் ல அந்த நாலு ஏரியும் மழ வந்து full ஆ தண்ணி ரொம்பி கோடி போயிட்டு இருக்குடா கார்த்தி அந்தா மாதிரி இருக்குடா நிலைமை இப்போ","ta_IN_10255843_20230117_R_00283456"
"94","094.wav","complete","0.90","complete","yes","","incomplete","hold_intra","1.216","Finished nominal statement ending with adhellam.","ஆ இப்போ heart patient அ இருக்குறவுங்களுக்கு covid attack ஆகி இருக்கும். அது ரெம்ப பெரிய,","ta_IN_10264635_20230328_L_00619232"
"95","095.wav","complete","0.95","complete","yes","","incomplete","hold_intra","1.440","Ends with terminal finite verb.","அமுதா எண்ணெயில் பொரித்த உணவுகளை நீ எவ்வளவுக்கு எவ்வளவு தவிர்க்கிறாயோ அவ்வளவுக்கு அவ்வளவு உன்னோட அஹ் ஆயுள் வந்து உனக்கு கூடிகிட்டேதான் இருக்கு.","ta_IN_10255815_20230123_L_00823456"
"96","096.wav","complete","0.95","complete","yes","","complete","change","1.248","Ends with colloquial idiomatic closer neenga vera","க உப்மா கூட நல்லா இருக்கும் க்கா நீங்கவேற,","ta_IN_10264629_20230328_L_00144096"
"97","097.wav","complete","0.95","complete","yes","","complete","change","0.768","Ends with terminal finite verb 'ஆகும்'.","okay mam okay mam. நம்ம வந்து நம்ம loan process பத்தி உங்களுக்கு explain பண்ணலாமா? ஒரு ten minutes ஆகும்.","ta_IN_10103114_20230328_L_00096448"
"98","098.wav","complete","0.95","complete","yes","","complete","change","1.408","Ends with a complete finite verb statement.","okay sir இப்போ பணம் போடணும் sir","ta_IN_10103136_20230123_R_00117792"
"99","099.wav","complete","0.95","complete","yes","","complete","change","0.832","Ends with terminal finite verb sonnaanga.","ஹம் இனிமேல் part two வந்தா ஓடுதா என்னன்னு தெரியல ஆனா review லாம் நல்லாவே இல்ல youtube ல பார்த்ததுக்கு நல்லா இல்ல பொன்னியின் செல்வன் வந்து நல்லா இல்ல படம் தான் அவ்வளவு amount போட்டு எடுத்து இருக்காங்க சொல்லிட்டு.","ta_IN_10255855_20230117_R_01074688"
"100","100.wav","complete","1.00","complete","yes","","incomplete","hold_intra","0.288","Ends with a finished nominal statement.","so, ரொம்ப அதனால பாதிப்பாங்க. property காரத்தோட building க்கு அதிகமா தருவாங்க. property ன்னா கம்மிதான். ஆனா, இந்த","ta_IN_9829468_20230404_L_00974080"
"101","101.wav","incomplete","0.95","incomplete","yes","","incomplete","hold_intra","1.184","Speaker searching for words, ends mid-thought","அது தான் மச்சி எப்படி சொல்றது பழைய","ta_IN_10255829_20230117_L_00429280"
"103","103.wav","complete","0.98","complete","yes","","complete","change","0.256","Ends with a direct question.","ஏன் அவுங்கட்டெல்லாம் போய் மன்னிப்பு கேக்குறீங்க","ta_IN_10264720_20230331_L_00255520"
"104","104.wav","complete","0.95","complete","yes","","complete","change","0.352","Ends with a terminal finite verb.","அது உங்க Problem amount லாம் திருப்பி போட்டு விட முடியாது Sir நீங்க தான் Sir recharge பண்ணிருக்கீங்க.","ta_IN_10102694_20230117_L_00136672"
"105","105.wav","incomplete","1.00","incomplete","yes","","complete","change","1.088","Ends with context-setting clitic -la","புதினா அப்ப அவங்க சாமி கும்பிடுவாங்கள,","ta_IN_10264611_20230117_R_00953344"
"107","107.wav","complete","0.95","complete","yes","","incomplete","hold_intra","0.480","Ends with a complete conversational closer 'seri sir'.","அப்படிங்களா சேரி sir","ta_IN_10103171_20230117_L_00517952"
"108","108.wav","incomplete","1.00","incomplete","yes","","incomplete","hold_intra","0.576","Ends with temporal suffix and dangling word","அதே மாதிரி இவரு, ஆஹ் இதெல்லாம் இருக்கும்போதுயா அந்த போராட்டம் இருக்குல்ல","ta_IN_10219356_20230123_L_00742272"
"110","110.wav","complete","0.95","complete","yes","","complete","change","0.800","Ends with a direct question expecting response.","mam இப்ப bachelors தனியா family தனியா வச்சிருகிங்களா இல்ல நாங்க இப்ப bachelors apartment லயே families யாராவது இருக்காங்களா mam","ta_IN_9829744_20230117_L_00776800"
"111","111.wav","complete","0.95","complete","yes","","complete","change","0.288","Ends with a complete nominal predicate statement.","lift available twenty-four hours வும் available தான்","ta_IN_9829744_20230117_R_00444288"
"112","112.wav","complete","1.00","complete","yes","","incomplete","hold_intra","0.384","Ends with terminal finite verb check pannikkiren","உங்க nearby branch ஓட address மட்டும், எனக்கு send பண்ணுங்க, message ல. நான் one time","ta_IN_9829768_20230112_R_01638240"
"113","113.wav","incomplete","0.90","incomplete","yes","","incomplete","hold_intra","0.832","Ends on a trailing number with hesitation","பதினெட்டு லட்ச","ta_IN_10246900_20230328_R_00635520"
"114","114.wav","complete","0.98","complete","yes","","complete","change","0.160","Ends with a terminal finite verb request.","ஆ location share பண்ணிடுங்க.","ta_IN_10102828_20230328_R_00883360"
"115","115.wav","incomplete","0.95","incomplete","yes","","incomplete","hold_intra","0.640","Ends on filler and incomplete word 'innum'.","தம்பி? அ அவங்க இல்ல அவங்க இல் அது ஆட்டுக்கார","ta_IN_10264611_20230117_L_00525664"
"116","116.wav","complete","0.95","complete","yes","","incomplete","hold_intra","0.384","Ends with terminal finite verb irukku","இருக்கிறேனா அதான் mind ல ஒண்ணுமே ஓடல அதான் கொஞ்சம் voice கொஞ்சம் dull ஆ இருக்கிற மாதிரி இருக்கு. மத்தபடி ஒன்னும்","ta_IN_9829467_20230117_R_00072416"
"117","117.wav","complete","0.95","complete","yes","","complete","change","0.288","Ends with terminal finite verb 'pesunga'.","நல்லா கேக்குது ஆஹ் இப்படியே பேசுங்க இப்படியே பேசுங்க","ta_IN_10264720_20230331_L_01063328"
"118","118.wav","complete","0.95","complete","yes","","complete","change","0.288","Ends with a direct question 'சொல்லட்டுமா'","English அப்பறம் ஹிந்தி, ஒரு sports அப்பறம் இந்த world life அதுமாதிரிலாம் இந்த natural geography அதுலாம் ok but. இந்த english channel ங்கற name ல பாத்தீங்கனா தேவையில்லாத channel லாம் இருக்கு. அது உங்களுக்கு whatsapp ல send பண்ணிரட்டுமா உங்க number சொல்றீங்களா? இல்ல நா நேர்ல detail லா வந்தே சொல்லட்டுமா?","ta_IN_10102479_20230329_R_00305824"
"119","119.wav","incomplete","1.00","incomplete","yes","","incomplete","hold_intra","0.288","Ends on dangling possessive pronoun avaroda","ஆஹ் அந்த police க்கு வந்துட்டு அவரோட அஹ் அவர்","ta_IN_10255808_20230117_L_00899968"
"120","120.wav","complete","0.95","complete","yes","","complete","change","0.800","Ends with a direct question expecting response.","வேர என்ன சாப்ட்டு இருக்கிங்க","ta_IN_10264720_20230331_L_00136864"
"122","122.wav","complete","0.95","complete","yes","","complete","change","0.288","Ends with a terminal finite verb.","பழம்லாம் நீங்க என்னென்ன பழம் சொன்னீங்கன்னா? போற்றலாங்க madam அந்த என்னென்ன பழம் எது எதுக்குனு சொன்னீங்கன்னா போற்றலாங்க","ta_IN_9829759_20230117_L_00585024"
"123","123.wav","complete","0.95","complete","yes","","complete","change","0.864","Ends with question tag ok-ngala","correct டா இருக்குங்களா? அடுத்து பாத்தீங்கன்னா ஆஹ் sweet items பாத்தீங்கன்னா gulab jamun னும் ice cream ம் okay ங்களா?","ta_IN_10102828_20230328_L_00287776"
"125","125.wav","complete","0.95","complete","yes","","complete","change","0.608","Ends with a direct question expecting an answer.","Yes sir உங்களுக்கு clear ஆ இருக்கா sir நா பேசறது?","ta_IN_10103049_20230328_L_00207936"
"126","126.wav","complete","0.95","complete","yes","","incomplete","hold_intra","1.056","Ends with a question tag 'Okay-ngala?'","apps வந்து உங்களுக்கு குடுக்குறாங்க okay ங்களா? இது வந்து","ta_IN_10102707_20230112_R_00565728"
"127","127.wav","complete","1.00","complete","yes","","complete","change","0.640","Ends with terminal finite verb 'potturunga'.","Okay madam அது ஒரு கிலோ போற்றுங்க","ta_IN_9829759_20230117_R_00596928"
"128","128.wav","incomplete","1.00","incomplete","yes","","incomplete","hold_intra","0.352","Ends on dangling connector and incomplete phrase.","அதுனால கொஞ்சம் அது alter பண்ணனும் அப்படின்னு","ta_IN_10246900_20230328_R_01096480"
"129","129.wav","complete","0.95","complete","yes","","complete","change","0.736","Ends with terminal finite verb irukkalaam","தருவோம் அப்ப நீங்க notification பாத்துட்டு ஆ billing இப்ப வந்துரும் அப்படின்னு சொல்லிட்டே இருக்கலாம்.","ta_IN_9829525_20230117_L_00855264"
"132","132.wav","complete","0.95","complete","yes","","complete","change","0.480","Ends with conversational wrap-up okay madam","okay okay madam okay madam okay madam","ta_IN_10102781_20230331_R_00622368"
"133","133.wav","complete","0.95","complete","yes","","incomplete","hold_intra","1.120","Ends with a terminal finite verb statement.","ஆமா, போறேன். நீயும் வா தீபிகா மூணார் கூட்டிட்டு போறாங்களாம். அங்க சுத்தி","ta_IN_10219354_20230117_R_00508256"
"134","134.wav","complete","0.95","complete","yes","","complete","change","0.928","Ends on terminal finite verb call panren.","sir இப்போ வந்து என் பேர் வந்துட்டு ஆனந்தி sir. நா வந்து திருச்சில சுப்ரமணியபுரத்தில இருந்து call பண்றேன்","ta_IN_10103114_20230328_R_00040480"
"135","135.wav","complete","0.98","complete","yes","","complete","change","0.288","Standalone affirmation 'Aamaa' is complete.","ஆமா","ta_IN_9829502_20230117_L_01272160"
"136","136.wav","complete","0.95","complete","yes","","complete","change","0.832","Ends with a terminal finite verb.","தான் use பண்ணுவாங்க ந்ல்ல எண்ண கிடையாது நல்ல எண்ண நம்ம ஊத்தி சாப்ட அப்டி தான் பாமாயில் use பண்றதுனால ரொம்ப கால் வலி வரும் அது நால நான் குடுக்கவே மாட்டன்","ta_IN_10255807_20230331_L_00682208"
"137","137.wav","complete","0.95","complete","yes","","complete","change","0.896","Ends with a question tag expecting confirmation.","ஆ இல்ல sir ஆஹ் என்ன சொல்றது உங்க catering service நீங்க correct அ சொல்றீங்க. நான் என் பையனோட first function இல்லிங்களா நாங்க எங்களுடைய வயசுக்கு நாங்க பண்ற first function. So அந்த பயம் அந்த first time அந்த nervousness எல்லாமே இருக்கு இல்லிங்களா.","ta_IN_10102828_20230328_R_00137920"
"138","138.wav","complete","0.95","complete","yes","","complete","change","0.256","Ends with question tag expecting confirmation.","அப்டி எல்லான் இப்போதைக்கு நாங்க தான் full அ பார்த்துக்குறோம one month முடியட்டும் இடம் எப்டி salary எப்டி அப்டிங்கறட்து one month full அ தெரிஞ்சுக்கனும் இல்லயா அவங்களயும் கூப்டு வந்து உக்கார வச்சுட்டு ஒன்னும் பண்ண முடியாது லா","ta_IN_10264659_20230328_L_00496000"
"139","139.wav","incomplete","0.95","incomplete","yes","","incomplete","hold_intra","1.152","Ends with dependent dative suffix '-ukku'.","BE படிக்கும் போது","ta_IN_9829545_20230112_R_00464992"
"140","140.wav","complete","0.95","complete","yes","","complete","change","0.608","Ends with a direct question.","ஏன் அவங்க உங்கிட்ட பேசுறதில்ல?","ta_IN_10219354_20230117_R_00759456"
"141","141.wav","complete","0.95","complete","yes","","incomplete","hold_intra","1.760","Ends with terminal finite verb 'namburen'.","இதுல வந்து நெறையா விஷயம் திட்டம் போட்டு போய்கிட்டு இருக்கா அதுல இதுவும் ஒரு முக்கியமான விஷயம் இத sentiment ஆஹ் வந்து இத மூனா number seat டு வந்து எனக்கு ரொம்பவும்மே பிடிச்ச seat இதுல பயணம் பண்ணி போறதுல நா நெனச்ச ஒரு விஷயம் வந்து நல்ல படியா நடக்கும் அப்டின்னு ந நம்புறே","ta_IN_10102663_20230123_R_00476128"
"142","142.wav","complete","0.95","complete","yes","","incomplete","hold_intra","1.280","Ends with finite verb 'paappom'.","ஆஹ் காத்து அடிக்குற பக்கம்","ta_IN_10255843_20230117_L_00670272"
"143","143.wav","complete","0.95","complete","yes","","incomplete","hold_intra","0.224","Ends with a complete imperative statement.","சரி பா கோச்சிக்காதபா college படிக்குற","ta_IN_9829446_20230331_R_00580320"
"144","144.wav","complete","0.95","complete","yes","","complete","change","1.152","Ends with a terminal finite verb.","எழுநூறு ரூபாயில இருந்து எண்ணூறு ரூபாய்க்குள்ள charge பண்ணிட்டிருக்கேன்","ta_IN_10219354_20230117_R_00212192"
"145","145.wav","complete","0.95","complete","yes","","incomplete","hold_intra","0.320","Ends with a terminal finite verb.","ஆளு அவங்க அந்த இது மாறி business பண்ணாங்கள அவங்களோட ஆளு வந்துட்டு பொய்யா இவ கூடவே ஒரு பொம்ம ஒரு rubber வந்து வைத்துல வச்சிட்டு அந்த மாறி நடிச்சிட்டு இருப்பா. அப்றம் கண்டுபிடிச்சிட்டு சமந்தாவுக்கும் தெரிஞ்சிருச்சின்னு சொல்லி சமைந்தா வந்து அவன கொன்றுவா அவள. கொன்னுட்டு","ta_IN_10246891_20230117_R_00127744"
"146","146.wav","incomplete","1.00","incomplete","yes","","incomplete","hold_intra","0.800","Ends with temporal suffix -bodhu","வேற level நெனைக்கிறன் வேற level நு சொல்லும்போது","ta_IN_10264720_20230331_R_00920320"
"147","147.wav","complete","0.95","complete","yes","","complete","change","0.544","Ends with terminal finite verb thara mudiyum","okay mam அப்ப ஒன்னும் பிரச்சனை இல்ல eighteen கீழன்னா joint account தான் தர முடியும்.","ta_IN_10103136_20230123_L_00078752"
"148","148.wav","incomplete","0.95","incomplete","yes","","incomplete","hold_intra","0.928","Ends with an incomplete word.","அதாவுது சின்னச்சின்ன கடையில் இருந்து அதில் Use பண்ணுவார்களா அதில்","ta_IN_9829387_20230117_R_01276512"
"149","149.wav","complete","0.95","complete","yes","","incomplete","hold_intra","0.704","Ends with terminal finite verb varaadhu.","இல்ல இல்ல sir இது வந்து நல்ல speed இருக்கும் இது ஒன்னும் உங்கள்ளுக்கு வந்து எந்த issue யும் வராது நல்லா","ta_IN_10103171_20230117_L_00606400"
"150","150.wav","complete","0.98","complete","yes","","complete","change","1.312","Ends with a direct question.","Hi அக்கா, என்ன பண்றீங்க?","ta_IN_10255808_20230117_R_00002464"
"151","151.wav","incomplete","1.00","incomplete","yes","","incomplete","hold_intra","0.256","Ends with dangling modifier romba mid-thought","இருக்கு அப்புறம் சர்மம் வந்து நல்லவ நல்ல அழகா தெரிய அழகா இருக்கணும் போலிவுடயதாக இருக்கனும் ரொம்ப மென்மையானத இருக்கணும் ன்னு நெனச்சு கிட்டு","ta_IN_10255852_20230117_R_00817824"
"152","152.wav","complete","0.95","complete","yes","","incomplete","hold_intra","0.576","Ends on terminal finite verb 'podhum'.","போதும் okay நீங்க உங்களோட invoices","ta_IN_9829881_20230404_R_00409184"
"153","153.wav","incomplete","1.00","incomplete","yes","","incomplete","hold_intra","0.352","Ends with dangling connector adhanaala","இப்ப நம்ம லாம் அப்படிதான நா லாம் கொஞ்சம் அப்படிதான","ta_IN_10264611_20230117_L_01701216"
"154","154.wav","complete","0.90","complete","yes","","complete","change","0.128","Ends with a complete nominal predicate statement.","எல்லாம் தட்டுல இருக்குற shawarma உனக்கு எல்லாம் best easy.","ta_IN_10246891_20230117_L_01052352"
"156","156.wav","complete","0.95","complete","yes","","complete","change","0.416","Ends with a direct question tag mangava","பச்ச மாங்கான்னா, குண்டு மாங்காவா கிளி மூக்கு மாங்காவா?","ta_IN_9829759_20230117_R_00314816"
"157","157.wav","incomplete","0.95","incomplete","yes","","incomplete","hold_intra","0.480","Ends on dangling English verb 'pick up'","நீங்க இங்கே இருந்து நீங்க book பண்ணிரனும் sir. prior ஆவே book பண்ணிட்டு, full amount உமே இப்ப நீங்க pay பண்ற மாதிரிதான் இருக்கும். இப்படி பண்ணிட்டு, நீங்க போகும்போது, வ~ resort ல வந்து சீக்கிரம்","ta_IN_10102978_20230112_L_00563584"
"158","158.wav","incomplete","1.00","incomplete","yes","","incomplete","hold_intra","0.224","Ends mid-sentence with incomplete thought.","percentage வெச்சிக்கோ ஆஹ் அப்புடிகமொடு நீ வாங்கிக்க தொகை வந்து ஒரு அஞ்சி லட்சம் அப்புடிகமொடு அதுக்காக வந்து amount ஆஹ் வந்து ஆஹ் for example எந்தவித அஞ்சாயிரம் கேட்டரான்னு fix பண்றே எந்த ஒரு bank குமே நீங்க","ta_IN_9829665_20230404_R_00662592"
"159","159.wav","incomplete","0.98","incomplete","yes","","incomplete","hold_intra","0.320","Ends on dangling pronoun 'namma' mid-thought.","நெறையா இருந்தது எல்லருடையும் சேர்ந்து பேசுற இவர்கள் எல்லாரோடையும் சேர்ந்து மகிழ்ச்சியாக இருப்பது இந்த முன்னாடி திண்ணை அப்டின்னு சொல்லுவாங்க பாத்தேங்களா முன்னாடி கொஞ்சம் இடம் இருக்கும் அந்த எடத்துல எல்லாரும் பக்கது அக்கத்து வீடுகள் எல்லாம் ஊர்கள் ல உள்ள மக்கள் எல்லாம் ஒண்ணா சேந்து பேசுவாங்க மகிழ்ச்சியா இருப்பாங்க அந்த பழக்க வழக்கம் எல்லாம் இப்ப நெறையாவே மாறிருச்சு அந்த மாறியான பழக்க வழக்கம் இருக்கும் போது எல்லாமே மகிழ்ச்சி தானா இல்லையா நம்ம கொஞ்சம் ஓய்வாக இருக்கும்","ta_IN_10255852_20230117_L_00386816"
"160","160.wav","complete","0.95","complete","yes","","incomplete","hold_intra","0.928","Ends with terminal finite verb irukkum","வெளில பாக்குறவங்களுக்கு ரெண்டு பேரும் பாக்குறதில்லங்கற மாறி இருக்கும். நம்ம என்ன","ta_IN_10264611_20230117_L_01073728"
"161","161.wav","complete","0.95","complete","yes","","incomplete","hold_intra","0.416","Ends with a terminal finite verb.","இதை வந்து முப்பது வயசுக்கு மேலே உள்ளவங்களுக்குத்தான் பெரும்பாலும் நாங்க வந்து provide பண்றோம். ஏன்னா, young age ல உங்களுக்கு வந்து நாங்க இதை வந்து provide பண்றது இல்லை. ஏன்னா, young age ல உங்களுக்கு வந்து ஒரு young age லயே அவங்களுக்கு வந்து, அவங்க money ய வந்து கைக்கு கொடுக்கணுங்கிறதுக்காண்டி அவங்களை பெரும்பாலும் நாங்க வந்து term insurance ஆல தான் அவங்க வந்து invest பண்ணணும்னு சொல்ல, சொல்றோம்.","ta_IN_9829768_20230112_L_00755200"
"162","162.wav","incomplete","1.00","incomplete","yes","","incomplete","hold_intra","1.536","Ends on dangling connector munnaadi","பாருங்க. Okay வா இருந்துச்சுன்னா விட்ருங்க, அப்படி இல்லை, அப்படின்னாக்கா வந்துட்டு, அ, நீங்க வந்துட்டு, lunch எடுத்திட்டு, சாப்பிடறதுக்கு முன்னாடி, one தரவ?","ta_IN_10102714_20230112_L_00527808"
"163","163.wav","incomplete","0.98","incomplete","yes","","incomplete","hold_intra","0.800","Ends on dangling connector 'appa naan'","okay mam okay. அப்போ நான். prepaid","ta_IN_10102739_20230329_R_00671200"
"164","164.wav","complete","0.95","complete","yes","","complete","change","0.384","Ends with a direct question to listener.","அப்போ நீங்களும் பாப்பீங்களா mam","ta_IN_10102479_20230329_R_00205344"
"165","165.wav","complete","0.95","complete","yes","","incomplete","hold_intra","0.448","Ends with terminal finite verb.","பண்ணுவாங்கன்னா, உம் காசெல்லாம் வாங்கிட்டு, அஹ் final கட்டத்துல காசு, returns வர நேரத்துல வந்து, ஆளு காணாம போயிடுறாங்க.","ta_IN_9829768_20230112_L_01307872"
"166","166.wav","complete","0.90","complete","yes","","incomplete","hold_intra","0.864","Ends with a complete colloquial statement.","படம் நானும் என் தங்கச்சியும் download பண்ணி பார்த்துட்டு இருந்தோம் பேய் படம் நிறையா","ta_IN_10246900_20230328_R_01464128"
"167","167.wav","complete","0.90","complete","yes","","incomplete","hold_intra","0.800","Standalone acknowledgment indicating turn completion.","okay okay okay ஆஹ்","ta_IN_10219356_20230123_R_00212832"
"168","168.wav","complete","0.95","complete","yes","","incomplete","hold_intra","0.256","Ends with a complete statement 'problem illa'","bargain பண்றதுனால எங்களுக்கு ஒன்னும் problem இல்ல mam. கொறைக்குறதுனா கொறைச்சுக்கலாம் problem இல்ல. But எங்ளோட","ta_IN_10102828_20230328_L_00818752"
"169","169.wav","incomplete","0.00","incomplete","yes","","incomplete","hold_intra","0.352","","சேரி சேரி நா நா","ta_IN_10246900_20230328_R_01489504"
"170","170.wav","complete","0.90","complete","yes","","complete","change","1.152","Ends with a terminal finite verb.","call பன்ணி சொன்னா இந்த மாதிரி marriage னு எப்போன்னு சொல்லல எனக்கு அவ சொல்லல அவளோட friend சொன்னா அவளா சொல்லட்டும் சொல்ற வர wait பண்ணுவோம்","ta_IN_10264659_20230328_R_01641440"
"171","171.wav","incomplete","0.98","incomplete","yes","","incomplete","hold_intra","0.256","Ends on hypothetical setter vachukonga","இருக்குது ஆஹ் but nighties ல நீங்க for example ந ஒரு சொல்லறேன் கேட்டுக்கோங்க இப்போ நீங்க double XL type எடுக்குறீங்க வெச்சுக்கோங்க double XL type ந","ta_IN_9829411_20230404_R_00763744"
"172","172.wav","complete","0.95","complete","yes","","incomplete","hold_intra","0.992","Standalone affirmation with falling pitch.","ஆஹ் சேரி சேரி","ta_IN_10246900_20230328_L_00974976"
"173","173.wav","complete","0.95","complete","yes","","incomplete","hold_intra","1.120","Ends with colloquial idiomatic closer naanga kaali","எந்திரிச்சிருவோம் அப்படியே","ta_IN_10264611_20230117_R_00806240"
"174","174.wav","complete","0.95","complete","yes","","complete","change","0.640","Ends with a direct question expecting response.","ம் நாத சொல்லுக ம என்ன வேணும்","ta_IN_9829878_20230404_R_00007552"
"175","175.wav","incomplete","0.90","incomplete","yes","","complete","change","0.928","Ends mid-thought with trailing filler 'vandhu'.","எவ்வளவு RPM வருதுங்க இதுல நெறையா one eighty, two hundredனு வந்திருக்கும்.","ta_IN_9829706_20230404_R_00295392"
"176","176.wav","complete","0.95","complete","yes","","complete","change","0.736","Ends with direct question expecting an answer","mam so boy baby இல்ல mam அவங்களுக்கு branded t-shirt ல பார்க்குறீங்களா mam so இந்த மாதிரி இந்த மாதிரி normal user க்கு மாதிரி பார்க்குறீங்களா? இல்ல outer use க்கு பார்க்குறீங்களா? இல்ல daily wears க்கு பார்க்குறீங்களா?","ta_IN_9829836_20230331_R_00920000"
"177","177.wav","complete","0.95","complete","yes","","incomplete","hold_intra","0.960","Ends with a direct question expecting confirmation.","okay வா sir உங்களுக்கு","ta_IN_10102927_20230328_L_00666784"
"178","178.wav","complete","0.95","complete","yes","","incomplete","hold_intra","0.416","Ends with a complete negative predicate 'kedayadhu'.","claim பண்ணிக்க முடியும் ஆஹ் five lakhs cover போடுறீங்கனா நீங்க கட்ட வேண்டிய amount five lakhs லான் கிடையாது நீங்க","ta_IN_10264671_20230404_L_00274240"
"179","179.wav","complete","0.95","complete","yes","","complete","change","0.128","Ends with tag question expecting confirmation.","உம் அதான் குழந்தைகள் நாளே நம்மள அப்படியே observe பண்ணி பண்றது தானே.","ta_IN_10264642_20230117_R_00339456"
"180","180.wav","complete","0.98","complete","yes","","complete","change","0.448","Ends with a direct question 'undaa?'","அஹ் அப்பறம் function லாம் எதாவது உண்டா?","ta_IN_9829502_20230117_R_00504160"
"181","181.wav","complete","0.90","complete","yes","","complete","change","0.480","Ends with a complete statement of fact.","ஆ Okay sir. நாங்க பண்றது வந்து first birthday என் பையனோட first birthday. so, next week twenty eighth வச்சிருக்கோம் evening.","ta_IN_10102828_20230328_R_00087776"
"182","182.wav","incomplete","0.98","incomplete","yes","","incomplete","hold_intra","0.288","Ends with trailing filler 'vandhu' mid-thought.","கேள்விப்பட்டிருப்பீங்க. ஆஹ் எந்த மாதிரி insurance வந்து, நீங்க","ta_IN_9829768_20230112_L_00123616"
"183","183.wav","complete","0.95","complete","yes","","complete","change","0.672","Ends with terminal finite verb 'sollunga'.","ஆஹ் சரி இவ்வளவு தூரம் சொல்லுகிறீர்கள் சரி Okay நீங்கள் சொல்லுங்கள்","ta_IN_9829374_20230404_R_00141664"
"185","185.wav","complete","0.90","complete","yes","","complete","change","1.248","Ends with a complete finite verb statement.","பாத்துட்டு இவரும் உடுத்தியிருக்காப்புடி மத்தவங்களையும், ரொம்ப ஒரு ஒரு அஹ் உடுத்துங்க அப்படின்னு சொல்லி வலியுறுத்திருக்காப்டி.","ta_IN_10219356_20230123_R_00164256"
"186","186.wav","complete","0.95","complete","yes","","complete","change","0.064","Ends with a direct question expecting an answer.","இப்போ. office இந்த மாதிரி maintain பண்ணறவங்க எல்லாம் postpaid வச்சுகிட்டா நல்லதா mam?","ta_IN_10102739_20230329_R_00607072"
"187","187.wav","complete","0.95","complete","yes","","incomplete","hold_intra","0.320","Ends with terminal finite verb irundhadhu","ஆமாம் Quality Wise நன்றாக இருக்கும் Collection னும் நன்றாக இருக்கும் Western அந்த மாதிரி எல்லாம் நன்றாக","ta_IN_9829387_20230117_L_00653056"
"188","188.wav","complete","0.90","complete","yes","","complete","change","0.864","Finished nominal statement expressing main query.","ல எடுப்பாங்களா? அதா முக்கியமான விஷயம்.","ta_IN_10103049_20230328_R_00529056"
"189","189.wav","complete","0.95","complete","yes","","complete","change","0.896","Ends with terminal finite verb எடுத்தோம்.","நீங்கள் வந்து எங்களுடைய Website ல வந்து Check பண்ணிருக்கிங்க எங்களுடைய Health Policy பற்றி Policy Plan பற்றி ல Check பண்ணிருக்கிங்க எங்களுடைய Website ல அதுனால் தான் உங்களுடைய Number எங்களுக்கு கிடைத்தது அந்த Website ல இருந்து தான் எடுத்தோம்","ta_IN_9829374_20230404_L_00048448"
"190","190.wav","complete","0.95","complete","yes","","incomplete","hold_intra","0.384","Ends with a complete negative statement.","okay mam okay mam சரி, okay உங்களுக்கு, ஒரு தடவை வந்து, customer service எல்லாம், okay நல்லா இருக்கு. but ஆனா, உங்களுக்கு data, speed மட்டும்தான், அந்த அளவு இல்லை. அது,","ta_IN_10102885_20230404_R_00493760"
"191","191.wav","complete","0.95","complete","yes","","incomplete","hold_intra","0.352","Ends with a complete rhetorical question.","ஹம் அதாவது பாத்துக்கலாம். ஆ first பாத்தா தான hi சொல்லுவீங்க பாக்குறதே இல்ல அப்புறம் எப்படி போயி hi சொல்றது.","ta_IN_9829545_20230112_L_00508448"
"192","192.wav","complete","0.95","complete","yes","","complete","change","0.032","Ends with a direct question.","okay mam இது இந்த t-shirt நம்ம வேற color வாங்கு போது சாயம் ஏதாவது போகுங்களா?","ta_IN_9829836_20230331_L_01301888"
"193","193.wav","complete","0.90","complete","yes","","complete","change","0.544","Ends with a clear request for information.","Okay இப்போ appointment கொஞ்சம் சொல்லுங்க mam appointment.","ta_IN_10103049_20230328_R_00261568"
"194","194.wav","complete","0.95","complete","yes","","complete","change","0.672","Ends with a complete nominal predicate statement.","அப்டிலாம் ஒன்னும் இல்ல so என் daughter க்கு வந்து window seat இருந்தா okay","ta_IN_10102571_20230331_R_00150336"
"195","195.wav","complete","0.95","complete","yes","","incomplete","hold_intra","0.224","Completed explanation with a postposed clause.","இல்ல இல்ல ஏய் நம்ப இருந்தா எடுத்துருப்பேன் எங்க ரூம் மேட் இருந்தா எடுத்துருபாங்க. பக்கத்துல இருக்குறவங்களுக்கு தெரிஞ்சி இருக்காது. அது யாரு dress னு ஆனா","ta_IN_10246891_20230117_R_01424000"
"196","196.wav","incomplete","0.90","incomplete","yes","","incomplete","hold_intra","0.256","Ends with trailing unfinished thought.","Food items லேர்ந்து எல்லாமே நம்ம வீட்டுக்கு தேவையான things எல்லாமே delivery பண்றாங்க. Food items இப்போ order பண்ணியா இப்போ one hour, two hour ல உங்க வீட்ல வந்து இருக்கும் delivery யுமே நமக்கு சீக்கிரம் பண்றாங்க. Delivery Delivery யா இருக்கட்டும் online shopping delivery யா இருக்கட்டும் என்ன delivery யும் சரி food delivery ங்கும் போது வந்து இப்போ உன் தம்பி நீ கேக்கறான்னு சொல்ற உன் தம்பி","ta_IN_9829541_20230117_L_00416800"
"197","197.wav","complete","0.95","complete","yes","","complete","change","1.376","Ends on a terminal finite verb.","அண்ண லா எதுவும் சொல்லாது","ta_IN_10264659_20230328_R_01442080"
"198","198.wav","complete","1.00","complete","yes","","incomplete","hold_intra","0.320","Ends with direct question tag pottaanaa","சங்கர் sir ட போட்டானா","ta_IN_10264720_20230331_R_00256992"
